<?xml version="1.0" encoding="UTF-8"?>
<!DOCTYPE mapper PUBLIC "-//mybatis.org//DTD Mapper 3.0//EN"
	"http://mybatis.org/dtd/mybatis-3-mapper.dtd">
<mapper namespace="com.objectiva.pilot.dao.StatementDao">

  <resultMap id="statement" type="com.objectiva.pilot.model.Statement">
    <result column="ID" jdbcType="INTEGER" property="id" />
    <result column="accountid" jdbcType="INTEGER" property="accountId" />
    <result column="datefield" jdbcType="VARCHAR" property="dateField" />
    <result column="amount" jdbcType="VARCHAR" property="amount" />
  </resultMap>

	<select id="selectAllStatements" resultType="com.objectiva.pilot.model.Statement">
	select * from statement;
	</select> 

	<!--  <insert id="addStatement" parameterType="com.objectiva.pilot.model.Statement">
	insert into account (ID, account_id, datefield, amount) values 
	(#{id},#{accountId},#{dateField},#{amount})
	</insert>
	
	<select id="selectStatementByAccountId" parameterType="String"
		resultType="com.objectiva.pilot.model.Statement">
	select * from account where user_name = #{userName};
	</select> -->

</mapper>