<?xml version="1.0" encoding="UTF-8"?>
<!DOCTYPE mapper PUBLIC "-//mybatis.org//DTD Mapper 3.0//EN"
	"http://mybatis.org/dtd/mybatis-3-mapper.dtd">
<mapper namespace="com.objectiva.pilot.dao.UserDao">

	<insert id="addUser" parameterType="com.objectiva.pilot.model.SysUser">
	insert into account (ID, account_type, account_number, user_name, password, level) values 
	(#{userId},#{accountType},#{accountNumber},#{userName},#{password},#{level})
	</insert>

	<select id="selectUserByName" parameterType="String"
		resultType="com.objectiva.pilot.model.SysUser">
	select * from account where user_name = #{userName};
	</select>
	
	<select id="selectAllUsers" resultType="com.objectiva.pilot.model.SysUser">
	select * from account;
	</select> 
	
	<select id="findAccountById" parameterType="Integer"
		resultType="String">
	select account_number from account where ID = #{id};
	</select> 

</mapper>